Title,ID,Author,URL,Score,Comment Count,Created
Gym Story Saturday,1dgce2n,FGC_Valhalla,https://www.reddit.com/r/Fitness/comments/1dgce2n/gym_story_saturday/,86,145,1718435848.0
Gym Story Saturday,1dr5nw9,FGC_Valhalla,https://www.reddit.com/r/Fitness/comments/1dr5nw9/gym_story_saturday/,82,200,1719645773.0
Gym Story Saturday,1dlpqbc,FGC_Valhalla,https://www.reddit.com/r/Fitness/comments/1dlpqbc/gym_story_saturday/,80,244,1719039465.0
Gym Story Saturday,1dawux6,FGC_Valhalla,https://www.reddit.com/r/Fitness/comments/1dawux6/gym_story_saturday/,65,133,1717829658.0
Rant Wednesday,1djekn1,AutoModerator,https://www.reddit.com/r/Fitness/comments/1djekn1/rant_wednesday/,63,383,1718787616.0
Rant Wednesday,1du9spl,AutoModerator,https://www.reddit.com/r/Fitness/comments/1du9spl/rant_wednesday/,61,288,1719997236.0
Rant Wednesday,1de23fq,AutoModerator,https://www.reddit.com/r/Fitness/comments/1de23fq/rant_wednesday/,55,477,1718182818.0
Rant Wednesday,1dou0rk,AutoModerator,https://www.reddit.com/r/Fitness/comments/1dou0rk/rant_wednesday/,58,370,1719392416.0
Gym Story Saturday,1dwjyky,FGC_Valhalla,https://www.reddit.com/r/Fitness/comments/1dwjyky/gym_story_saturday/,61,87,1720250215.0
Physique Phriday,1dvtjpw,AutoModerator,https://www.reddit.com/r/Fitness/comments/1dvtjpw/physique_phriday/,49,65,1720170016.0
Monthly Recipes Megathread,1dsodsz,AutoModerator,https://www.reddit.com/r/Fitness/comments/1dsodsz/monthly_recipes_megathread/,41,18,1719824443.0
Physique Phriday,1dfmeh4,AutoModerator,https://www.reddit.com/r/Fitness/comments/1dfmeh4/physique_phriday/,43,87,1718355615.0
Victory Sunday,1dh3ivu,AutoModerator,https://www.reddit.com/r/Fitness/comments/1dh3ivu/victory_sunday/,41,95,1718528419.0
Victory Sunday,1dmi00b,AutoModerator,https://www.reddit.com/r/Fitness/comments/1dmi00b/victory_sunday/,38,85,1719133218.0
"Daily Simple Questions Thread - June 17, 2024",1dhtmb1,AutoModerator,https://www.reddit.com/r/Fitness/comments/1dhtmb1/daily_simple_questions_thread_june_17_2024/,39,524,1718614857.0
Victory Sunday,1dbpgdw,AutoModerator,https://www.reddit.com/r/Fitness/comments/1dbpgdw/victory_sunday/,41,74,1717923619.0
Physique Phriday,1dqf6j0,AutoModerator,https://www.reddit.com/r/Fitness/comments/1dqf6j0/physique_phriday/,38,70,1719565218.0
"Daily Simple Questions Thread - June 24, 2024",1dn90o0,AutoModerator,https://www.reddit.com/r/Fitness/comments/1dn90o0/daily_simple_questions_thread_june_24_2024/,33,480,1719219660.0
"Daily Simple Questions Thread - June 18, 2024",1dim3k7,AutoModerator,https://www.reddit.com/r/Fitness/comments/1dim3k7/daily_simple_questions_thread_june_18_2024/,32,469,1718701241.0
Moronic Monday - Your weekly stupid questions thread,1dcfgqo,cdingo,https://www.reddit.com/r/Fitness/comments/1dcfgqo/moronic_monday_your_weekly_stupid_questions_thread/,37,574,1718002993.0
Moronic Monday - Your weekly stupid questions thread,1dhrypy,cdingo,https://www.reddit.com/r/Fitness/comments/1dhrypy/moronic_monday_your_weekly_stupid_questions_thread/,34,476,1718607671.0
"Daily Simple Questions Thread - June 27, 2024",1dpmq8u,AutoModerator,https://www.reddit.com/r/Fitness/comments/1dpmq8u/daily_simple_questions_thread_june_27_2024/,33,510,1719478833.0
Monthly Fitness Pro-Tips Megathread,1dgdsid,AutoModerator,https://www.reddit.com/r/Fitness/comments/1dgdsid/monthly_fitness_protips_megathread/,27,47,1718442018.0
Victory Sunday,1drxaog,AutoModerator,https://www.reddit.com/r/Fitness/comments/1drxaog/victory_sunday/,30,84,1719738019.0
"Daily Simple Questions Thread - June 25, 2024",1do1h8n,AutoModerator,https://www.reddit.com/r/Fitness/comments/1do1h8n/daily_simple_questions_thread_june_25_2024/,28,477,1719306039.0
"Daily Simple Questions Thread - June 21, 2024",1dkzhy3,AutoModerator,https://www.reddit.com/r/Fitness/comments/1dkzhy3/daily_simple_questions_thread_june_21_2024/,26,409,1718960435.0
"Daily Simple Questions Thread - June 11, 2024",1dd9l4c,AutoModerator,https://www.reddit.com/r/Fitness/comments/1dd9l4c/daily_simple_questions_thread_june_11_2024/,27,411,1718096441.0
"Daily Simple Questions Thread - July 02, 2024",1dth9vj,AutoModerator,https://www.reddit.com/r/Fitness/comments/1dth9vj/daily_simple_questions_thread_july_02_2024/,27,344,1719910861.0
"Daily Simple Questions Thread - July 05, 2024",1dvtjx0,AutoModerator,https://www.reddit.com/r/Fitness/comments/1dvtjx0/daily_simple_questions_thread_july_05_2024/,26,388,1720170032.0
"Daily Simple Questions Thread - July 04, 2024",1dv2ela,AutoModerator,https://www.reddit.com/r/Fitness/comments/1dv2ela/daily_simple_questions_thread_july_04_2024/,25,342,1720083636.0
"Daily Simple Questions Thread - June 20, 2024",1dk72ob,AutoModerator,https://www.reddit.com/r/Fitness/comments/1dk72ob/daily_simple_questions_thread_june_20_2024/,22,533,1718874033.0
Victory Sunday,1dxc6uq,AutoModerator,https://www.reddit.com/r/Fitness/comments/1dxc6uq/victory_sunday/,31,61,1720342817.0
Physique Phriday,1dkzhpm,AutoModerator,https://www.reddit.com/r/Fitness/comments/1dkzhpm/physique_phriday/,18,72,1718960418.0
Bi-Annual Music Megathread,1daynmw,AutoModerator,https://www.reddit.com/r/Fitness/comments/1daynmw/biannual_music_megathread/,19,22,1717837221.0
"Daily Simple Questions Thread - July 03, 2024",1du9smi,AutoModerator,https://www.reddit.com/r/Fitness/comments/1du9smi/daily_simple_questions_thread_july_03_2024/,16,324,1719997227.0
"Daily Simple Questions Thread - June 23, 2024",1dmi04b,AutoModerator,https://www.reddit.com/r/Fitness/comments/1dmi04b/daily_simple_questions_thread_june_23_2024/,18,339,1719133232.0
"Daily Simple Questions Thread - June 13, 2024",1deuh0b,AutoModerator,https://www.reddit.com/r/Fitness/comments/1deuh0b/daily_simple_questions_thread_june_13_2024/,15,443,1718269235.0
Moronic Monday - Your weekly stupid questions thread,1dsmsd4,cdingo,https://www.reddit.com/r/Fitness/comments/1dsmsd4/moronic_monday_your_weekly_stupid_questions_thread/,15,319,1719817777.0
Moronic Monday - Your weekly stupid questions thread,1dn7fit,cdingo,https://www.reddit.com/r/Fitness/comments/1dn7fit/moronic_monday_your_weekly_stupid_questions_thread/,14,278,1719212756.0
"Daily Simple Questions Thread - June 30, 2024",1drxatd,AutoModerator,https://www.reddit.com/r/Fitness/comments/1drxatd/daily_simple_questions_thread_june_30_2024/,12,331,1719738032.0
"Daily Simple Questions Thread - June 19, 2024",1djekls,AutoModerator,https://www.reddit.com/r/Fitness/comments/1djekls/daily_simple_questions_thread_june_19_2024/,15,423,1718787612.0
"Daily Simple Questions Thread - July 01, 2024",1dsoe4b,AutoModerator,https://www.reddit.com/r/Fitness/comments/1dsoe4b/daily_simple_questions_thread_july_01_2024/,14,629,1719824470.0
"Daily Simple Questions Thread - June 16, 2024",1dh3j1m,AutoModerator,https://www.reddit.com/r/Fitness/comments/1dh3j1m/daily_simple_questions_thread_june_16_2024/,12,352,1718528434.0
"Daily Simple Questions Thread - June 12, 2024",1de23e3,AutoModerator,https://www.reddit.com/r/Fitness/comments/1de23e3/daily_simple_questions_thread_june_12_2024/,14,497,1718182814.0
"Daily Simple Questions Thread - June 08, 2024",1daynr4,AutoModerator,https://www.reddit.com/r/Fitness/comments/1daynr4/daily_simple_questions_thread_june_08_2024/,11,238,1717837233.0
"Daily Simple Questions Thread - July 07, 2024",1dxc70w,AutoModerator,https://www.reddit.com/r/Fitness/comments/1dxc70w/daily_simple_questions_thread_july_07_2024/,18,429,1720342829.0
"Daily Simple Questions Thread - June 14, 2024",1dfmeo4,AutoModerator,https://www.reddit.com/r/Fitness/comments/1dfmeo4/daily_simple_questions_thread_june_14_2024/,11,346,1718355632.0
"Daily Simple Questions Thread - July 06, 2024",1dwle7m,AutoModerator,https://www.reddit.com/r/Fitness/comments/1dwle7m/daily_simple_questions_thread_july_06_2024/,13,311,1720256430.0
"Daily Simple Questions Thread - June 26, 2024",1dou0p7,AutoModerator,https://www.reddit.com/r/Fitness/comments/1dou0p7/daily_simple_questions_thread_june_26_2024/,8,446,1719392412.0
"Daily Simple Questions Thread - June 15, 2024",1dgdsms,AutoModerator,https://www.reddit.com/r/Fitness/comments/1dgdsms/daily_simple_questions_thread_june_15_2024/,10,319,1718442031.0
"Daily Simple Questions Thread - June 09, 2024",1dbpgj0,AutoModerator,https://www.reddit.com/r/Fitness/comments/1dbpgj0/daily_simple_questions_thread_june_09_2024/,9,239,1717923633.0
"Daily Simple Questions Thread - June 28, 2024",1dqf6po,AutoModerator,https://www.reddit.com/r/Fitness/comments/1dqf6po/daily_simple_questions_thread_june_28_2024/,6,348,1719565234.0
"Daily Simple Questions Thread - June 22, 2024",1dlrfsp,AutoModerator,https://www.reddit.com/r/Fitness/comments/1dlrfsp/daily_simple_questions_thread_june_22_2024/,8,350,1719046831.0
"Daily Simple Questions Thread - June 29, 2024",1dr70hz,AutoModerator,https://www.reddit.com/r/Fitness/comments/1dr70hz/daily_simple_questions_thread_june_29_2024/,4,309,1719651628.0
